{"name":"a6fe36c1-089e-4402-ba82-5535cf076db5","id":"/providers/Microsoft.Flow/flows/a6fe36c1-089e-4402-ba82-5535cf076db5","type":"Microsoft.Flow/flows","properties":{"apiId":"/providers/Microsoft.PowerApps/apis/shared_logicflows","displayName":"Http -> Send an email (V2)","definition":{"metadata":{"workflowEntityId":null,"processAdvisorMetadata":null,"flowChargedByPaygo":null,"flowclientsuspensionreason":"None","flowclientsuspensiontime":null,"flowclientsuspensionreasondetails":null,"creator":{"id":"93cebbab-d9b9-489a-b6d7-8dfd90c23135","type":"User","tenantId":"9bd5f242-b272-4ca3-81c5-0500516979cd"},"provisioningMethod":"FromDefinition","failureAlertSubscription":true,"clientLastModifiedTime":"2024-03-04T11:45:40.3760405Z","connectionKeySavedTimeKey":"2024-03-04T11:45:40.3760405Z"},"$schema":"https://schema.management.azure.com/providers/Microsoft.Logic/schemas/2016-06-01/workflowdefinition.json#","contentVersion":"1.0.0.0","parameters":{"$authentication":{"defaultValue":{},"type":"SecureObject"},"$connections":{"defaultValue":{},"type":"Object"}},"triggers":{"manual":{"metadata":{},"type":"Request","kind":"Http","inputs":{"schema":{"type":"object","properties":{"email_adddress":{"type":"string"},"subject":{"type":"string"},"body":{"type":"string"}}},"triggerAuthenticationType":"All"}}},"actions":{"Send_an_email_(V2)":{"runAfter":{},"type":"OpenApiConnection","inputs":{"parameters":{"emailMessage/To":"@triggerBody()?['email_adddress']","emailMessage/Subject":"@triggerBody()?['subject']","emailMessage/Body":"<p>@{triggerBody()?['body']}</p>","emailMessage/Importance":"Normal"},"host":{"apiId":"/providers/Microsoft.PowerApps/apis/shared_office365","connectionName":"shared_office365","operationId":"SendEmailV2"},"authentication":"@parameters('$authentication')"}}},"outputs":{}},"connectionReferences":{"shared_office365":{"connectionName":"shared-office365-d85bd13e-a58f-43c1-aa2c-026ec1a67d34","source":"Embedded","id":"/providers/Microsoft.PowerApps/apis/shared_office365","tier":"NotSpecified"}},"flowFailureAlertSubscribed":false,"isManaged":false}}